Ivan Tepole,Basurto #48,91000,Centro,Xalapa,Veracruz
Mariana Cruz,Privada Norte 8,21985,Morales,Puebla,Puebla
Antonia Hernández,Washington #86,34094,Centro,Monterrey,Nuevo León
Daniel Cruz,calleDest,97832,coloniaDest,ciudadDest,estadoDest
Destinatario 1,CalleDest1,12345,coloniaDest1,ciudadDest1,estadoDest1
Destinatario 1,CalleDest1,12345,coloniaDest1,ciudadDest1,estadoDest1
Destinatario 1,CalleDest1,12345,coloniaDest1,ciudadDest1,estadoDest1
Destinatario 1,CalleDest1,12345,coloniaDest1,ciudadDest1,estadoDest1
Destinatario 1,CalleDest1,12345,coloniaDest1,ciudadDest1,estadoDest1
Destinatario 1,CalleDest1,12345,coloniaDest1,ciudadDest1,estadoDest1
Destinatario 1,CalleDest1,12345,coloniaDest1,ciudadDest1,estadoDest1
Destinatario 1,CalleDest1,12345,coloniaDest1,ciudadDest1,estadoDest1
Destinatario 1,CalleDest1,12345,coloniaDest1,ciudadDest1,estadoDest1
Destinatario 1,CalleDest1,12345,coloniaDest1,ciudadDest1,estadoDest1
Remitente 1,CalleRem1,12345,coloniaRem1,ciudadRem1,Veracruz
Destinatario 1,CalleDest1,12345,coloniaDest1,ciudadDest1,Quintana Roo
Destinatario 1,CalleDest1,12345,coloniaDest1,ciudadDest1,Quintana Roo
Destinatario 1,CalleDest1,12345,coloniaDest1,ciudadDest1,Quintana Roo
Destinatario 1,CalleDest1,45415,coloniaDest1,ciudadDest1,Jalisco
Destinatario 1,CalleDest1,45415,coloniaDest1,ciudadDest1,Jalisco
Destinatario 1,CalleDest1,45415,coloniaDest1,ciudadDest1,Jalisco
Destinatario 1,CalleDest1,45415,coloniaDest1,ciudadDest1,Jalisco
Destinatario 1,CalleDest1,45415,coloniaDest1,ciudadDest1,Jalisco
Destinatario 1,CalleDest1,45415,coloniaDest1,ciudadDest1,Jalisco
Destinatario 1,CalleDest1,45415,coloniaDest1,ciudadDest1,Jalisco
Destinatario 1,CalleDest1,60959,coloniaDest1,ciudadDest1,Michoacan
Destinatario 1,CalleDest1,60959,coloniaDest1,ciudadDest1,Michoacan
Destinatario 1,CalleDest1,60959,coloniaDest1,ciudadDest1,Michoacan
Destinatario 1,CalleDest1,60959,coloniaDest1,ciudadDest1,Michoacan
Destinatario 1,CalleDest1,60959,coloniaDest1,ciudadDest1,Michoacan
Destinatario 1,CalleDest1,60959,coloniaDest1,ciudadDest1,Michoacan
Destinatario 1,CalleDest1,60959,coloniaDest1,ciudadDest1,Michoacan
Destinatario 1,CalleDest1,60959,coloniaDest1,ciudadDest1,Michoacan
Destinatario 1,CalleDest1,60959,coloniaDest1,ciudadDest1,Michoacan
Destinatario 1,CalleDest1,60959,coloniaDest1,ciudadDest1,Michoacan
Destinatario 1,CalleDest1,60959,coloniaDest1,ciudadDest1,Michoacan
Destinatario 1,CalleDest1,45415,coloniaDest1,ciudadDest1,Jalisco
Destinatario 1,CalleDest1,45415,coloniaDest1,ciudadDest1,Jalisco
Destinatario 1,CalleDest1,45415,coloniaDest1,ciudadDest1,Jalisco
Destinatario 1,CalleDest1,45415,coloniaDest1,ciudadDest1,Jalisco
Destinatario 1,CalleDest1,45415,coloniaDest1,ciudadDest1,Jalisco
Destinatario 1,CalleDest1,45415,coloniaDest1,ciudadDest1,Jalisco
Destinatario 1,CalleDest1,45415,coloniaDest1,ciudadDest1,Jalisco
Destinatario 1,CalleDest1,45415,coloniaDest1,ciudadDest1,Jalisco
Destinatario 1,CalleDest1,45415,coloniaDest1,ciudadDest1,Jalisco
