Alejandro Mota,Norte 16 #48,94320,Emiliano Zapata Norte,Orizaba,Veracruz
Daniel Hernández,Obreros Textiles 201,91060,Obreros Textiles,Xalapa,Veracruz
Daniel Hernández,Avenida 1,94320,Centro,Cordoba,Veracruz
Diana Castillo,Joaquín Arróniz 35,94370,Jardines de Xalapa,Xalapa,Veracruz
Miguel Morales,calle,978321,colonia,ciudad,estado
Remitente 1,CalleRem1,12345,coloniaRem1,ciudadRem1,estadoRem1
Remitente 1,CalleRem1,12345,coloniaRem1,ciudadRem1,estadoRem1
Remitente 1,CalleRem1,12345,coloniaRem1,ciudadRem1,estadoRem1
Remitente 1,CalleRem1,12345,coloniaRem1,ciudadRem1,estadoRem1
Remitente 1,CalleRem1,12345,coloniaRem1,ciudadRem1,estadoRem1
Remitente 1,CalleRem1,12345,coloniaRem1,ciudadRem1,estadoRem1
Remitente 1,CalleRem1,12345,coloniaRem1,ciudadRem1,estadoRem1
Remitente 1,CalleRem1,12345,coloniaRem1,ciudadRem1,estadoRem1
Remitente 1,CalleRem1,12345,coloniaRem1,ciudadRem1,estadoRem1
Remitente 1,CalleRem1,12345,coloniaRem1,ciudadRem1,estadoRem1
Remitente 1,CalleRem1,12345,coloniaRem1,ciudadRem1,Veracruz
Remitente 1,CalleRem1,12345,coloniaRem1,ciudadRem1,Veracruz
Remitente 1,CalleRem1,12345,coloniaRem1,ciudadRem1,Veracruz
Remitente 1,CalleRem1,12345,coloniaRem1,ciudadRem1,Coahuila
Remitente 1,CalleRem1,26115,coloniaRem1,ciudadRem1,Coahuila
Remitente 1,CalleRem1,26115,coloniaRem1,ciudadRem1,Coahuila
Remitente 1,CalleRem1,26115,coloniaRem1,ciudadRem1,Coahuila
Remitente 1,CalleRem1,26115,coloniaRem1,ciudadRem1,Coahuila
Remitente 1,CalleRem1,26115,coloniaRem1,ciudadRem1,Coahuila
Remitente 1,CalleRem1,26115,coloniaRem1,ciudadRem1,Coahuila
Remitente 1,CalleRem1,26115,coloniaRem1,ciudadRem1,Coahuila
Remitente 1,CalleRem1,23092,coloniaRem1,ciudadRem1,Baja california sur
Remitente 1,CalleRem1,23092,coloniaRem1,ciudadRem1,Baja california sur
Remitente 1,CalleRem1,23092,coloniaRem1,ciudadRem1,Baja california sur
Remitente 1,CalleRem1,23092,coloniaRem1,ciudadRem1,Baja california sur
Remitente 1,CalleRem1,23092,coloniaRem1,ciudadRem1,Baja california sur
Remitente 1,CalleRem1,23092,coloniaRem1,ciudadRem1,Baja california sur
Remitente 1,CalleRem1,23092,coloniaRem1,ciudadRem1,Baja california sur
Remitente 1,CalleRem1,23092,coloniaRem1,ciudadRem1,Baja california sur
Remitente 1,CalleRem1,23092,coloniaRem1,ciudadRem1,Baja california sur
Remitente 1,CalleRem1,23092,coloniaRem1,ciudadRem1,Baja california sur
Remitente 1,CalleRem1,23092,coloniaRem1,ciudadRem1,Baja california sur
Remitente 1,CalleRem1,26115,coloniaRem1,ciudadRem1,Coahuila
Remitente 1,CalleRem1,26115,coloniaRem1,ciudadRem1,Coahuila
Remitente 1,CalleRem1,26115,coloniaRem1,ciudadRem1,Coahuila
Remitente 1,CalleRem1,23099,coloniaRem1,ciudadRem1,Baja California Sur
Remitente 1,CalleRem1,23099,coloniaRem1,ciudadRem1,Baja California Sur
Remitente 1,CalleRem1,23099,coloniaRem1,ciudadRem1,Baja California Sur
Remitente 1,CalleRem1,23099,coloniaRem1,ciudadRem1,Baja California Sur
Remitente 1,CalleRem1,23099,coloniaRem1,ciudadRem1,Baja California Sur
Remitente 1,CalleRem1,23099,coloniaRem1,ciudadRem1,Baja California Sur
Remitente 1,CalleRem1,23099,coloniaRem1,ciudadRem1,Baja California Sur
Remitente 1,CalleRem1,23099,coloniaRem1,ciudadRem1,Baja California Sur
Remitente 1,CalleRem1,23099,coloniaRem1,ciudadRem1,Baja California Sur
Remitente 1,CalleRem1,23099,coloniaRem1,ciudadRem1,Baja California Sur
Remitente 1,CalleRem1,23099,coloniaRem1,ciudadRem1,Baja California Sur
Remitente 1,CalleRem1,23099,coloniaRem1,ciudadRem1,Baja California Sur
Remitente 1,CalleRem1,94000,coloniaRem1,ciudadRem1,nuevoleon
Remitente 1,CalleRem1,94000,coloniaRem1,ciudadRem1,nuevoleon
Remitente 1,CalleRem1,94000,coloniaRem1,ciudadRem1,nuevo león
Remitente 1,CalleRem1,94000,coloniaRem1,ciudadRem1,nuevo león
Remitente 1,CalleRem1,94000,coloniaRem1,ciudadRem1,nuevo león
Remitente 1,CalleRem1,94000,coloniaRem1,ciudadRem1,nuevo león
Remitente 1,CalleRem1,64000,coloniaRem1,ciudadRem1,nuevo león
Remitente 1,CalleRem1,64000,coloniaRem1,ciudadRem1,nuevo león
